--
-- PostgreSQL database dump
--

-- Dumped from database version 12.9 (Ubuntu 12.9-2.pgdg20.04+1)
-- Dumped by pg_dump version 12.9 (Ubuntu 12.9-2.pgdg20.04+1)

SET statement_timeout = 0;
SET lock_timeout = 0;
SET idle_in_transaction_session_timeout = 0;
SET client_encoding = 'UTF8';
SET standard_conforming_strings = on;
SELECT pg_catalog.set_config('search_path', '', false);
SET check_function_bodies = false;
SET xmloption = content;
SET client_min_messages = warning;
SET row_security = off;

DROP DATABASE universe;
--
-- Name: universe; Type: DATABASE; Schema: -; Owner: freecodecamp
--

CREATE DATABASE universe WITH TEMPLATE = template0 ENCODING = 'UTF8' LC_COLLATE = 'C.UTF-8' LC_CTYPE = 'C.UTF-8';


ALTER DATABASE universe OWNER TO freecodecamp;

\connect universe

SET statement_timeout = 0;
SET lock_timeout = 0;
SET idle_in_transaction_session_timeout = 0;
SET client_encoding = 'UTF8';
SET standard_conforming_strings = on;
SELECT pg_catalog.set_config('search_path', '', false);
SET check_function_bodies = false;
SET xmloption = content;
SET client_min_messages = warning;
SET row_security = off;

SET default_tablespace = '';

SET default_table_access_method = heap;

--
-- Name: extra; Type: TABLE; Schema: public; Owner: freecodecamp
--

CREATE TABLE public.extra (
    name character varying(30) NOT NULL,
    harm boolean NOT NULL,
    type text NOT NULL,
    extra_id integer NOT NULL
);


ALTER TABLE public.extra OWNER TO freecodecamp;

--
-- Name: extra_extra_id_seq; Type: SEQUENCE; Schema: public; Owner: freecodecamp
--

CREATE SEQUENCE public.extra_extra_id_seq
    AS integer
    START WITH 1
    INCREMENT BY 1
    NO MINVALUE
    NO MAXVALUE
    CACHE 1;


ALTER TABLE public.extra_extra_id_seq OWNER TO freecodecamp;

--
-- Name: extra_extra_id_seq; Type: SEQUENCE OWNED BY; Schema: public; Owner: freecodecamp
--

ALTER SEQUENCE public.extra_extra_id_seq OWNED BY public.extra.extra_id;


--
-- Name: galaxy; Type: TABLE; Schema: public; Owner: freecodecamp
--

CREATE TABLE public.galaxy (
    galaxy_id integer NOT NULL,
    name character varying(30) NOT NULL,
    size integer NOT NULL,
    age integer NOT NULL,
    shape character varying(30) NOT NULL,
    spiral boolean NOT NULL
);


ALTER TABLE public.galaxy OWNER TO freecodecamp;

--
-- Name: galaxy_galaxy_id_seq; Type: SEQUENCE; Schema: public; Owner: freecodecamp
--

CREATE SEQUENCE public.galaxy_galaxy_id_seq
    AS integer
    START WITH 1
    INCREMENT BY 1
    NO MINVALUE
    NO MAXVALUE
    CACHE 1;


ALTER TABLE public.galaxy_galaxy_id_seq OWNER TO freecodecamp;

--
-- Name: galaxy_galaxy_id_seq; Type: SEQUENCE OWNED BY; Schema: public; Owner: freecodecamp
--

ALTER SEQUENCE public.galaxy_galaxy_id_seq OWNED BY public.galaxy.galaxy_id;


--
-- Name: moon; Type: TABLE; Schema: public; Owner: freecodecamp
--

CREATE TABLE public.moon (
    moon_id integer NOT NULL,
    name character varying(30) NOT NULL,
    distance numeric NOT NULL,
    gravity integer NOT NULL,
    size integer NOT NULL,
    atmosphere text NOT NULL,
    is_habitable boolean NOT NULL,
    planet_id integer NOT NULL
);


ALTER TABLE public.moon OWNER TO freecodecamp;

--
-- Name: moon_moon_id_seq; Type: SEQUENCE; Schema: public; Owner: freecodecamp
--

CREATE SEQUENCE public.moon_moon_id_seq
    AS integer
    START WITH 1
    INCREMENT BY 1
    NO MINVALUE
    NO MAXVALUE
    CACHE 1;


ALTER TABLE public.moon_moon_id_seq OWNER TO freecodecamp;

--
-- Name: moon_moon_id_seq; Type: SEQUENCE OWNED BY; Schema: public; Owner: freecodecamp
--

ALTER SEQUENCE public.moon_moon_id_seq OWNED BY public.moon.moon_id;


--
-- Name: planet; Type: TABLE; Schema: public; Owner: freecodecamp
--

CREATE TABLE public.planet (
    planet_id integer NOT NULL,
    name character varying(30) NOT NULL,
    distance numeric NOT NULL,
    gravity integer NOT NULL,
    size integer NOT NULL,
    atmosphere text NOT NULL,
    star_id integer NOT NULL
);


ALTER TABLE public.planet OWNER TO freecodecamp;

--
-- Name: planet_planet_id_seq; Type: SEQUENCE; Schema: public; Owner: freecodecamp
--

CREATE SEQUENCE public.planet_planet_id_seq
    AS integer
    START WITH 1
    INCREMENT BY 1
    NO MINVALUE
    NO MAXVALUE
    CACHE 1;


ALTER TABLE public.planet_planet_id_seq OWNER TO freecodecamp;

--
-- Name: planet_planet_id_seq; Type: SEQUENCE OWNED BY; Schema: public; Owner: freecodecamp
--

ALTER SEQUENCE public.planet_planet_id_seq OWNED BY public.planet.planet_id;


--
-- Name: star; Type: TABLE; Schema: public; Owner: freecodecamp
--

CREATE TABLE public.star (
    star_id integer NOT NULL,
    name character varying(30) NOT NULL,
    mass numeric NOT NULL,
    temperature integer NOT NULL,
    age integer NOT NULL,
    has_planets boolean NOT NULL,
    galaxy_id integer NOT NULL
);


ALTER TABLE public.star OWNER TO freecodecamp;

--
-- Name: star_star_id_seq; Type: SEQUENCE; Schema: public; Owner: freecodecamp
--

CREATE SEQUENCE public.star_star_id_seq
    AS integer
    START WITH 1
    INCREMENT BY 1
    NO MINVALUE
    NO MAXVALUE
    CACHE 1;


ALTER TABLE public.star_star_id_seq OWNER TO freecodecamp;

--
-- Name: star_star_id_seq; Type: SEQUENCE OWNED BY; Schema: public; Owner: freecodecamp
--

ALTER SEQUENCE public.star_star_id_seq OWNED BY public.star.star_id;


--
-- Name: extra extra_id; Type: DEFAULT; Schema: public; Owner: freecodecamp
--

ALTER TABLE ONLY public.extra ALTER COLUMN extra_id SET DEFAULT nextval('public.extra_extra_id_seq'::regclass);


--
-- Name: galaxy galaxy_id; Type: DEFAULT; Schema: public; Owner: freecodecamp
--

ALTER TABLE ONLY public.galaxy ALTER COLUMN galaxy_id SET DEFAULT nextval('public.galaxy_galaxy_id_seq'::regclass);


--
-- Name: moon moon_id; Type: DEFAULT; Schema: public; Owner: freecodecamp
--

ALTER TABLE ONLY public.moon ALTER COLUMN moon_id SET DEFAULT nextval('public.moon_moon_id_seq'::regclass);


--
-- Name: planet planet_id; Type: DEFAULT; Schema: public; Owner: freecodecamp
--

ALTER TABLE ONLY public.planet ALTER COLUMN planet_id SET DEFAULT nextval('public.planet_planet_id_seq'::regclass);


--
-- Name: star star_id; Type: DEFAULT; Schema: public; Owner: freecodecamp
--

ALTER TABLE ONLY public.star ALTER COLUMN star_id SET DEFAULT nextval('public.star_star_id_seq'::regclass);


--
-- Data for Name: extra; Type: TABLE DATA; Schema: public; Owner: freecodecamp
--

INSERT INTO public.extra VALUES ('Black hole', true, 'Gravity', 1);
INSERT INTO public.extra VALUES ('Gamma ray', true, 'Gamma waves', 2);
INSERT INTO public.extra VALUES ('Death star', true, 'Explosion', 3);


--
-- Data for Name: galaxy; Type: TABLE DATA; Schema: public; Owner: freecodecamp
--

INSERT INTO public.galaxy VALUES (1, 'Milky Way', 100000, 13000, 'Spiral', true);
INSERT INTO public.galaxy VALUES (2, 'Andromeda', 150000, 20000, 'Spiral', true);
INSERT INTO public.galaxy VALUES (3, 'Whirlpool', 60000, 12500, 'Spiral', true);
INSERT INTO public.galaxy VALUES (4, 'Triangulum', 50000, 7000, 'Spiral', true);
INSERT INTO public.galaxy VALUES (5, 'Sombrrero', 50000, 8000, 'Elliptical', false);
INSERT INTO public.galaxy VALUES (6, 'Maffei', 30000, 10000, 'Irregular', false);


--
-- Data for Name: moon; Type: TABLE DATA; Schema: public; Owner: freecodecamp
--

INSERT INTO public.moon VALUES (20, 'Moon', 0.00257, 2, 3457, 'Thin', false, 3);
INSERT INTO public.moon VALUES (21, 'Phobos', 9378, 0, 22, 'Thin', false, 4);
INSERT INTO public.moon VALUES (22, 'Deimos', 23460, 0, 12, 'Thin', false, 4);
INSERT INTO public.moon VALUES (23, 'Ganymede', 1070, 1, 5268, 'Thin', false, 5);
INSERT INTO public.moon VALUES (24, 'Callisto', 1883, 1, 4821, 'Thin', false, 5);
INSERT INTO public.moon VALUES (25, 'Europa', 670, 1, 3122, 'Thin', true, 6);
INSERT INTO public.moon VALUES (26, 'Titan', 1221, 1, 5150, 'Thick', true, 6);
INSERT INTO public.moon VALUES (27, 'Enceladus', 238, 0, 500, 'Thin', true, 6);
INSERT INTO public.moon VALUES (28, 'Mimas', 185, 0, 400, 'Thin', false, 6);
INSERT INTO public.moon VALUES (29, 'Ariel', 191, 1, 1158, 'Thin', false, 7);
INSERT INTO public.moon VALUES (30, 'Miranda', 129, 0, 472, 'Thin', false, 7);
INSERT INTO public.moon VALUES (31, 'Titania', 435, 0, 1578, 'Thin', false, 8);
INSERT INTO public.moon VALUES (32, 'Oberon', 584, 0, 1523, 'Thin', false, 8);
INSERT INTO public.moon VALUES (33, 'Triton', 354, 1, 2705, 'Thin', true, 9);
INSERT INTO public.moon VALUES (34, 'Charon', 19751, 0, 1208, 'Thin', false, 10);
INSERT INTO public.moon VALUES (35, 'Titanias', 435, 0, 1578, 'Thin', false, 10);
INSERT INTO public.moon VALUES (36, 'Oberoni', 584, 0, 1523, 'Thin', false, 10);
INSERT INTO public.moon VALUES (37, 'Tritonia', 354, 1, 2705, 'Thin', true, 10);
INSERT INTO public.moon VALUES (38, 'Charoni', 19572, 0, 1208, 'Thin', false, 10);
INSERT INTO public.moon VALUES (39, 'Fanta', 129, 0, 472, 'Thin', false, 7);


--
-- Data for Name: planet; Type: TABLE DATA; Schema: public; Owner: freecodecamp
--

INSERT INTO public.planet VALUES (1, 'Mercury', 0.39, 4, 4879, 'Thin', 1);
INSERT INTO public.planet VALUES (2, 'Venus', 0.72, 9, 12104, 'Thick', 1);
INSERT INTO public.planet VALUES (3, 'Earth
', 1, 10, 12756, 'Brethable', 1);
INSERT INTO public.planet VALUES (4, 'Mars', 1.5, 4, 6792, 'Thin', 1);
INSERT INTO public.planet VALUES (5, 'Jupiter', 5.2, 25, 142984, 'Gas', 1);
INSERT INTO public.planet VALUES (6, 'Saturn', 9.5, 10, 120536, 'Gas', 1);
INSERT INTO public.planet VALUES (7, 'Uranus', 19.2, 9, 51118, 'Ice', 1);
INSERT INTO public.planet VALUES (8, 'Pluto', 39.5, 1, 2370, 'Thin', 1);
INSERT INTO public.planet VALUES (9, 'Kepler-452b', 1402.7, 4, 20000, 'Thin', 2);
INSERT INTO public.planet VALUES (10, 'Proxima Centauri b', 0.05, 1, 20000, 'Breathable', 4);
INSERT INTO public.planet VALUES (11, 'Titan', 0.038, 8, 20000, 'Gas', 2);
INSERT INTO public.planet VALUES (12, 'Fantastic', 1503.6, 4, 25000, 'Thin', 2);


--
-- Data for Name: star; Type: TABLE DATA; Schema: public; Owner: freecodecamp
--

INSERT INTO public.star VALUES (1, 'Sun', 1989000000000000000000000000000, 5778, 5, true, 1);
INSERT INTO public.star VALUES (2, 'Sirius', 2.02, 9940, 9, true, 1);
INSERT INTO public.star VALUES (3, 'Alpha Centauri A', 1.1, 5790, 5, true, 1);
INSERT INTO public.star VALUES (4, 'Proxima Centauri', 0.12, 3042, 5, false, 1);
INSERT INTO public.star VALUES (5, 'Betegeuse', 20, 3500, 8, false, 1);
INSERT INTO public.star VALUES (6, 'Rigel', 17.5, 12100, 8, false, 1);


--
-- Name: extra_extra_id_seq; Type: SEQUENCE SET; Schema: public; Owner: freecodecamp
--

SELECT pg_catalog.setval('public.extra_extra_id_seq', 3, true);


--
-- Name: galaxy_galaxy_id_seq; Type: SEQUENCE SET; Schema: public; Owner: freecodecamp
--

SELECT pg_catalog.setval('public.galaxy_galaxy_id_seq', 6, true);


--
-- Name: moon_moon_id_seq; Type: SEQUENCE SET; Schema: public; Owner: freecodecamp
--

SELECT pg_catalog.setval('public.moon_moon_id_seq', 39, true);


--
-- Name: planet_planet_id_seq; Type: SEQUENCE SET; Schema: public; Owner: freecodecamp
--

SELECT pg_catalog.setval('public.planet_planet_id_seq', 12, true);


--
-- Name: star_star_id_seq; Type: SEQUENCE SET; Schema: public; Owner: freecodecamp
--

SELECT pg_catalog.setval('public.star_star_id_seq', 6, true);


--
-- Name: extra extra_name_key; Type: CONSTRAINT; Schema: public; Owner: freecodecamp
--

ALTER TABLE ONLY public.extra
    ADD CONSTRAINT extra_name_key UNIQUE (name);


--
-- Name: extra extra_pkey; Type: CONSTRAINT; Schema: public; Owner: freecodecamp
--

ALTER TABLE ONLY public.extra
    ADD CONSTRAINT extra_pkey PRIMARY KEY (extra_id);


--
-- Name: galaxy galaxy_name_key; Type: CONSTRAINT; Schema: public; Owner: freecodecamp
--

ALTER TABLE ONLY public.galaxy
    ADD CONSTRAINT galaxy_name_key UNIQUE (name);


--
-- Name: galaxy galaxy_pkey; Type: CONSTRAINT; Schema: public; Owner: freecodecamp
--

ALTER TABLE ONLY public.galaxy
    ADD CONSTRAINT galaxy_pkey PRIMARY KEY (galaxy_id);


--
-- Name: moon moon_name_key; Type: CONSTRAINT; Schema: public; Owner: freecodecamp
--

ALTER TABLE ONLY public.moon
    ADD CONSTRAINT moon_name_key UNIQUE (name);


--
-- Name: moon moon_pkey; Type: CONSTRAINT; Schema: public; Owner: freecodecamp
--

ALTER TABLE ONLY public.moon
    ADD CONSTRAINT moon_pkey PRIMARY KEY (moon_id);


--
-- Name: planet planet_name_key; Type: CONSTRAINT; Schema: public; Owner: freecodecamp
--

ALTER TABLE ONLY public.planet
    ADD CONSTRAINT planet_name_key UNIQUE (name);


--
-- Name: planet planet_pkey; Type: CONSTRAINT; Schema: public; Owner: freecodecamp
--

ALTER TABLE ONLY public.planet
    ADD CONSTRAINT planet_pkey PRIMARY KEY (planet_id);


--
-- Name: star star_name_key; Type: CONSTRAINT; Schema: public; Owner: freecodecamp
--

ALTER TABLE ONLY public.star
    ADD CONSTRAINT star_name_key UNIQUE (name);


--
-- Name: star star_pkey; Type: CONSTRAINT; Schema: public; Owner: freecodecamp
--

ALTER TABLE ONLY public.star
    ADD CONSTRAINT star_pkey PRIMARY KEY (star_id);


--
-- Name: moon moon_planet_id_fkey; Type: FK CONSTRAINT; Schema: public; Owner: freecodecamp
--

ALTER TABLE ONLY public.moon
    ADD CONSTRAINT moon_planet_id_fkey FOREIGN KEY (planet_id) REFERENCES public.planet(planet_id);


--
-- Name: planet planet_star_id_fkey; Type: FK CONSTRAINT; Schema: public; Owner: freecodecamp
--

ALTER TABLE ONLY public.planet
    ADD CONSTRAINT planet_star_id_fkey FOREIGN KEY (star_id) REFERENCES public.star(star_id);


--
-- Name: star star_galaxy_id_fkey; Type: FK CONSTRAINT; Schema: public; Owner: freecodecamp
--

ALTER TABLE ONLY public.star
    ADD CONSTRAINT star_galaxy_id_fkey FOREIGN KEY (galaxy_id) REFERENCES public.galaxy(galaxy_id);


--
-- PostgreSQL database dump complete
--

